Code	Symbol	Name
AED	Ø¯.Ø¥	United Arab Emirates d
AFN	Ø‹	Afghan afghani
ALL	L	Albanian lek
AMD	AMD	Armenian dram
ANG	Æ’	Netherlands Antillean gu
AOA	Kz	Angolan kwanza
ARS	$	Argentine peso
AUD	$	Australian dollar
AWG	Afl.	Aruban florin
AZN	AZN	Azerbaijani manat
BAM	KM	Bosnia and Herzegovina 
BBD	$	Barbadian dollar
BDT	à§³ 	Bangladeshi taka
BGN	Ð»Ð².	Bulgarian lev
BHD	.Ø¯.Ø¨	Bahraini dinar
BIF	Fr	Burundian franc
BMD	$	Bermudian dollar
BND	$	Brunei dollar
BOB	Bs.	Bolivian boliviano
BRL	R$	Brazilian real
BSD	$	Bahamian dollar
BTC	à¸¿	Bitcoin
BTN	Nu.	Bhutanese ngultrum
BWP	P	Botswana pula
BYR	Br	Belarusian ruble (old)'
BYN	Br	Belarusian ruble
BZD	$	Belize dollar
CAD	$	Canadian dollar
CDF	Fr	Congolese franc
CHF	CHF	Swiss franc
CLP	$	Chilean peso
CNY	Â¥	Chinese yuan
COP	$	Colombian peso
CRC	â‚¡	Costa Rican colÃ³n
CUC	$	Cuban convertible peso')
CUP	$	Cuban peso
CVE	$	Cape Verdean escudo
CZK	KÄ	Czech koruna
DJF	Fr	Djiboutian franc
DKK	DKK	Danish krone
DOP	RD$	Dominican peso
DZD	Ø¯.Ø¬	Algerian dinar
EGP	EGP	Egyptian pound
ERN	Nfk	Eritrean nakfa
ETB	Br	Ethiopian birr
EUR	â‚¬	Euro
FJD	$	Fijian dollar
FKP	Â£	Falkland Islands pound')
GBP	Â£	Pound sterling
GEL	â‚¾	Georgian lari
GGP	Â£	Guernsey pound
GHS	â‚µ	Ghana cedi
GIP	Â£	Gibraltar pound
GMD	D	Gambian dalasi
GNF	Fr	Guinean franc
GTQ	Q	Guatemalan quetzal
GYD	$	Guyanese dollar
HKD	$	Hong Kong dollar
HNL	L	Honduran lempira
HRK	kn	Croatian kuna
HTG	G	Haitian gourde
HUF	Ft	Hungarian forint
IDR	Rp	Indonesian rupiah
ILS	â‚ª	Israeli new shekel
IMP	Â£	Manx pound
INR	â‚¹	Indian rupee
IQD	Ø¹.Ø¯	Iraqi dinar
IRR	ï·¼	Iranian rial
IRT	ØªÙˆÙ…Ø§Ù†	Iranian toman
ISK	kr.	Icelandic krÃ³na
JEP	Â£	Jersey pound
JMD	$	Jamaican dollar
JOD	Ø¯.Ø§	Jordanian dinar
JPY	Â¥	Japanese yen
KES	KSh	Kenyan shilling
KGS	ÑÐ¾Ð¼	Kyrgyzstani som
KHR	áŸ›	Cambodian riel
KMF	Fr	Comorian franc
KPW	â‚©	North Korean won
KRW	â‚©	South Korean won
KWD	Ø¯.Ùƒ	Kuwaiti dinar
KYD	$	Cayman Islands dollar
KZT	â‚¸	Kazakhstani tenge
LAK	â‚­	Lao kip
LBP	Ù„.Ù„	Lebanese pound
LKR	à¶»à·”	Sri Lankan rupee
LRD	$	Liberian dollar
LSL	L	Lesotho loti
LYD	Ù„.Ø¯	Libyan dinar
MAD	Ø¯.Ù….	Moroccan dirham
MDL	MDL	Moldovan leu
MGA	Ar	Malagasy ariary
MKD	Ð´ÐµÐ½	Macedonian denar
MMK	Ks	Burmese kyat
MNT	â‚®	Mongolian tÃ¶grÃ¶g
MOP	P	Macanese pataca
MRU	UM	Mauritanian ouguiya
MUR	â‚¨	Mauritian rupee
MVR	.Þƒ	Maldivian rufiyaa
MWK	MK	Malawian kwacha
MXN	$	Mexican peso
MYR	RM	Malaysian ringgit
MZN	MT	Mozambican metical
NAD	N$	Namibian dollar
NGN	â‚¦	Nigerian naira
NIO	C$	Nicaraguan cÃ³rdoba
NOK	kr	Norwegian krone
NPR	â‚¨	Nepalese rupee
NZD	$	New Zealand dollar
OMR	Ø±.Ø¹.	Omani rial
PAB	B/.	Panamanian balboa
PEN	S/	Sol
PGK	K	Papua New Guinean kina')
PHP	â‚±	Philippine peso
PKR	â‚¨	Pakistani rupee
PLN	zÅ‚	Polish zÅ‚oty
PRB	Ñ€.	Transnistrian ruble
PYG	â‚²	Paraguayan guaranÃ­
QAR	Ø±.Ù‚	Qatari riyal
RON	lei	Romanian leu
RSD	Ñ€ÑÐ´	Serbian dinar
RUB	â‚½	Russian ruble
RWF	Fr	Rwandan franc
SAR	Ø±.Ø³	Saudi riyal
SBD	$	Solomon Islands dollar')
SCR	â‚¨	Seychellois rupee
SDG	Ø¬.Ø³.	Sudanese pound
SEK	kr	Swedish krona
SGD	$	Singapore dollar
SHP	Â£	Saint Helena pound
SLL	Le	Sierra Leonean leone
SOS	Sh	Somali shilling
SRD	$	Surinamese dollar
SSP	Â£	South Sudanese pound
STN	Db	SÃ£o TomÃ© and PrÃ­ncipe d
SYP	Ù„.Ø³	Syrian pound
SZL	L	Swazi lilangeni
THB	à¸¿	Thai baht
TJS	Ð…Ðœ	Tajikistani somoni
TMT	m	Turkmenistan manat
TND	Ø¯.Øª	Tunisian dinar
TOP	T$	Tongan paÊ»anga
TRY	â‚º	Turkish lira
TTD	$	Trinidad and Tobago doll
TWD	NT$	New Taiwan dollar
TZS	Sh	Tanzanian shilling
UAH	â‚´	Ukrainian hryvnia
UGX	UGX	Ugandan shilling
USD	$	United States (US) dolla
UYU	$	Uruguayan peso
UZS	UZS	Uzbekistani som
VEF	Bs F	Venezuelan bolÃ­var
VES	Bs.S	BolÃ­var soberano
VND	â‚«	Vietnamese Ä‘á»“ng
VUV	Vt	Vanuatu vatu
WST	T	Samoan tÄlÄ
XAF	CFA	Central African CFA fr
XCD	$	East Caribbean dollar
XOF	CFA	West African CFA franc
XPF	Fr	CFP franc
YER	ï·¼	Yemeni rial
ZAR	R	South African rand
ZMW	ZK	Zambian kwacha
